{"cameraMode":{"drawMode":0,"name":"Shaded","section":"Shading Mode"},"sceneLighting":true,"audioPlay":false,"sceneViewState":{"showFog":true,"showMaterialUpdate":false,"showSkybox":true,"showFlares":true,"showImageEffects":true,"showParticleSystems":true},"in2DMode":false,"pivot":{"x":0.04918879270553589,"y":0.18590524792671204,"z":-0.11124768853187561},"rotation":{"x":-0.06324038654565811,"y":-0.029339078813791276,"z":0.00186187494546175,"w":-0.9975792169570923},"size":5.966026306152344,"orthographic":false}